{
  "name": "伊拉拉",
  "x": 10.000000000142677,
  "y": 6.038133002279876,
  "energy": 58.040000000000155,
  "inventory": {
    "水": 3,
    "鱼": 0,
    "果实": 0
  },
  "is_dead": false
}