{
  "name": "凯",
  "x": 8.934739872362618,
  "y": 7.918424840453271,
  "energy": 9.030000000000012,
  "inventory": {
    "水": 0,
    "鱼": 0,
    "果实": 0
  },
  "is_dead": false
}