{
  "name": "伊拉拉",
  "x": 13.738249375794279,
  "y": 14.685865634847847,
  "energy": 0,
  "inventory": {
    "水": 0,
    "鱼": 0,
    "果实": 0
  },
  "is_dead": true
}