{
  "name": "贾克斯",
  "x": 9.722884525803472,
  "y": 7.179121352715255,
  "energy": 23.250000000006036,
  "inventory": {
    "水": 0,
    "鱼": 0,
    "果实": 0
  },
  "is_dead": false
}