{
  "name": "伊拉拉",
  "x": 9.5,
  "y": 23.116580550509497,
  "energy": 69.43999999999716,
  "inventory": {
    "水": 5,
    "鱼": 0,
    "果实": 0
  },
  "is_dead": false
}