{
  "name": "伊拉拉",
  "x": 7.155717969065561,
  "y": 8.035567304028913,
  "energy": 2.840000000000213,
  "inventory": {
    "水": 2,
    "鱼": 0,
    "果实": 0
  },
  "is_dead": false
}