{
  "name": "伊拉拉",
  "x": 14.599347032844474,
  "y": 15.09934703568615,
  "energy": 78.44999999999847,
  "inventory": {
    "水": 10,
    "鱼": 0,
    "果实": 3
  },
  "is_dead": false
}