{
  "name": "伊拉拉",
  "x": 13.98503555312595,
  "y": 14.944543520407937,
  "energy": 73.64999999999989,
  "inventory": {
    "水": 2,
    "鱼": 0,
    "果实": 0
  },
  "is_dead": false
}